run_id,total_wagered,total_paid_out,total_hold,hold_pct,total_bettors
1,31700000.0,16715670.0,14984330.0,47.269179810725554,3170000
2,31900000.0,22619730.0,9280270.0,29.091755485893415,3190000
